{
  "sample": "A2058_SIN3B_KO_C18_N4",
  "platform": "ILLUMINA",
  "library": "266111",
  "n_read_groups": 3,
  "insert_size": {
    "mean": 4040.878,
    "median": 764,
    "sd": 11700.833
  },
  "total_reads": 225673428,
  "total_bases": 22793016228,
  "mapped_reads": 224686727,
  "qcfail_reads": 0,
  "mapped_pairs": 112058642,
  "mapped_reads_properly_paired": 112058642,
  "duplicate_reads": 87637484,
  "interchromosme_pairs": 0,
  "gc_ratio": 0.49567008,
  "duplicate_ratio": 0.38833764,
  "read_1": {
    "read_length": 101,
    "total_reads": 112836714,
    "mapped_bases": 11313989100,
    "divergent_bases": 24964063,
    "mapped_reads": 112464393,
    "gc_bases": 5551294564,
    "qc_failed_reads": 0
  },
  "read_2": {
    "read_length": 101,
    "total_reads": 112836714,
    "mapped_bases": 11295895229,
    "divergent_bases": 23985397,
    "mapped_reads": 112222334,
    "gc_bases": 5746520853,
    "qc_failed_reads": 0
  }
}
