{
  "sample": "A2058_CONTROL_C3_N5",
  "platform": "ILLUMINA",
  "library": "266103",
  "n_read_groups": 3,
  "insert_size": {
    "mean": 3994.166,
    "median": 721,
    "sd": 11830.287
  },
  "total_reads": 224626376,
  "total_bases": 22687263976,
  "mapped_reads": 223509464,
  "qcfail_reads": 0,
  "mapped_pairs": 111454696,
  "mapped_reads_properly_paired": 111454696,
  "duplicate_reads": 84200905,
  "interchromosme_pairs": 0,
  "gc_ratio": 0.4980871,
  "duplicate_ratio": 0.37484872,
  "read_1": {
    "read_length": 101,
    "total_reads": 112313188,
    "mapped_bases": 11256287116,
    "divergent_bases": 24724309,
    "mapped_reads": 111889937,
    "gc_bases": 5558839230,
    "qc_failed_reads": 0
  },
  "read_2": {
    "read_length": 101,
    "total_reads": 112313188,
    "mapped_bases": 11233232832,
    "divergent_bases": 25095976,
    "mapped_reads": 111619527,
    "gc_bases": 5741395341,
    "qc_failed_reads": 0
  }
}
