{
  "sample": "A2058_SIN3B_KO_C18_N5",
  "platform": "ILLUMINA",
  "library": "266112",
  "n_read_groups": 3,
  "insert_size": {
    "mean": 3924.2122,
    "median": 703,
    "sd": 11552.062
  },
  "total_reads": 230598050,
  "total_bases": 23290403050,
  "mapped_reads": 229568584,
  "qcfail_reads": 0,
  "mapped_pairs": 114481857,
  "mapped_reads_properly_paired": 114481857,
  "duplicate_reads": 88692952,
  "interchromosme_pairs": 0,
  "gc_ratio": 0.49497598,
  "duplicate_ratio": 0.38462144,
  "read_1": {
    "read_length": 101,
    "total_reads": 115299025,
    "mapped_bases": 11559899143,
    "divergent_bases": 25305454,
    "mapped_reads": 114917111,
    "gc_bases": 5671341898,
    "qc_failed_reads": 0
  },
  "read_2": {
    "read_length": 101,
    "total_reads": 115299025,
    "mapped_bases": 11538329158,
    "divergent_bases": 25292365,
    "mapped_reads": 114651473,
    "gc_bases": 5856848440,
    "qc_failed_reads": 0
  }
}
