{
  "sample": "A375_CONTROL_C3_N3",
  "platform": "ILLUMINA",
  "library": "266046",
  "n_read_groups": 3,
  "insert_size": {
    "mean": 3909.0059,
    "median": 887,
    "sd": 11079.706
  },
  "total_reads": 235371616,
  "total_bases": 23772533216,
  "mapped_reads": 234025016,
  "qcfail_reads": 0,
  "mapped_pairs": 116724738,
  "mapped_reads_properly_paired": 116724738,
  "duplicate_reads": 92331342,
  "interchromosme_pairs": 0,
  "gc_ratio": 0.50652504,
  "duplicate_ratio": 0.392279,
  "read_1": {
    "read_length": 101,
    "total_reads": 117685808,
    "mapped_bases": 11784207365,
    "divergent_bases": 25437531,
    "mapped_reads": 117140798,
    "gc_bases": 5918818196,
    "qc_failed_reads": 0
  },
  "read_2": {
    "read_length": 101,
    "total_reads": 117685808,
    "mapped_bases": 11761854493,
    "divergent_bases": 27054851,
    "mapped_reads": 116884218,
    "gc_bases": 6122565080,
    "qc_failed_reads": 0
  }
}
