{
  "sample": "A375_SIN3B_KO_C25_N5",
  "platform": "ILLUMINA",
  "library": "266058",
  "n_read_groups": 3,
  "insert_size": {
    "mean": 3877.1023,
    "median": 872,
    "sd": 10924.147
  },
  "total_reads": 199218890,
  "total_bases": 20121107890,
  "mapped_reads": 198249532,
  "qcfail_reads": 0,
  "mapped_pairs": 98872023,
  "mapped_reads_properly_paired": 98872023,
  "duplicate_reads": 72115218,
  "interchromosme_pairs": 0,
  "gc_ratio": 0.5058941,
  "duplicate_ratio": 0.36198983,
  "read_1": {
    "read_length": 101,
    "total_reads": 99609445,
    "mapped_bases": 9980846185,
    "divergent_bases": 21879041,
    "mapped_reads": 99233525,
    "gc_bases": 5003872244,
    "qc_failed_reads": 0
  },
  "read_2": {
    "read_length": 101,
    "total_reads": 99609445,
    "mapped_bases": 9963711492,
    "divergent_bases": 22439425,
    "mapped_reads": 99016007,
    "gc_bases": 5175278855,
    "qc_failed_reads": 0
  }
}
