{
  "sample": "A375_SIN3B_KO_C26_N3",
  "platform": "ILLUMINA",
  "library": "266061",
  "n_read_groups": 3,
  "insert_size": {
    "mean": 3888.5037,
    "median": 877,
    "sd": 10924.692
  },
  "total_reads": 205418508,
  "total_bases": 20747269308,
  "mapped_reads": 204500001,
  "qcfail_reads": 0,
  "mapped_pairs": 101985919,
  "mapped_reads_properly_paired": 101985919,
  "duplicate_reads": 79624276,
  "interchromosme_pairs": 0,
  "gc_ratio": 0.5052829,
  "duplicate_ratio": 0.38761973,
  "read_1": {
    "read_length": 101,
    "total_reads": 102709254,
    "mapped_bases": 10297313874,
    "divergent_bases": 22669935,
    "mapped_reads": 102377535,
    "gc_bases": 5149612831,
    "qc_failed_reads": 0
  },
  "read_2": {
    "read_length": 101,
    "total_reads": 102709254,
    "mapped_bases": 10275942194,
    "divergent_bases": 23623859,
    "mapped_reads": 102122466,
    "gc_bases": 5333626905,
    "qc_failed_reads": 0
  }
}
