{
  "sample": "SKMEL28_SIN3B_KO_C26_N3",
  "platform": "ILLUMINA",
  "library": "266091",
  "n_read_groups": 3,
  "insert_size": {
    "mean": 4158.749,
    "median": 803,
    "sd": 11861.225
  },
  "total_reads": 197675566,
  "total_bases": 19965232166,
  "mapped_reads": 196940694,
  "qcfail_reads": 0,
  "mapped_pairs": 98221736,
  "mapped_reads_properly_paired": 98221736,
  "duplicate_reads": 67005753,
  "interchromosme_pairs": 0,
  "gc_ratio": 0.5032579,
  "duplicate_ratio": 0.3389683,
  "read_1": {
    "read_length": 101,
    "total_reads": 98837783,
    "mapped_bases": 9915978179,
    "divergent_bases": 22212197,
    "mapped_reads": 98588916,
    "gc_bases": 4947879201,
    "qc_failed_reads": 0
  },
  "read_2": {
    "read_length": 101,
    "total_reads": 98837783,
    "mapped_bases": 9897756701,
    "divergent_bases": 23251214,
    "mapped_reads": 98351778,
    "gc_bases": 5099781860,
    "qc_failed_reads": 0
  }
}
