{
  "sample": "SKMEL28_CONTROL_C6_N5",
  "platform": "ILLUMINA",
  "library": "266073",
  "n_read_groups": 3,
  "insert_size": {
    "mean": 4214.3,
    "median": 791,
    "sd": 12219.23
  },
  "total_reads": 193067358,
  "total_bases": 19499803158,
  "mapped_reads": 192165944,
  "qcfail_reads": 0,
  "mapped_pairs": 95805654,
  "mapped_reads_properly_paired": 95805654,
  "duplicate_reads": 69527254,
  "interchromosme_pairs": 0,
  "gc_ratio": 0.5044536,
  "duplicate_ratio": 0.36011916,
  "read_1": {
    "read_length": 101,
    "total_reads": 96533679,
    "mapped_bases": 9676287112,
    "divergent_bases": 22058581,
    "mapped_reads": 96208656,
    "gc_bases": 4844127428,
    "qc_failed_reads": 0
  },
  "read_2": {
    "read_length": 101,
    "total_reads": 96533679,
    "mapped_bases": 9653781213,
    "divergent_bases": 22502088,
    "mapped_reads": 95957288,
    "gc_bases": 4992618437,
    "qc_failed_reads": 0
  }
}
