{
  "sample": "SKMEL28_CONTROL_C4_N1",
  "platform": "ILLUMINA",
  "library": "266064",
  "n_read_groups": 3,
  "insert_size": {
    "mean": 3886.6904,
    "median": 630,
    "sd": 11751.343
  },
  "total_reads": 217498724,
  "total_bases": 21967371124,
  "mapped_reads": 216095639,
  "qcfail_reads": 0,
  "mapped_pairs": 107710952,
  "mapped_reads_properly_paired": 107710952,
  "duplicate_reads": 71510842,
  "interchromosme_pairs": 0,
  "gc_ratio": 0.5049446,
  "duplicate_ratio": 0.32878742,
  "read_1": {
    "read_length": 101,
    "total_reads": 108749362,
    "mapped_bases": 10877720224,
    "divergent_bases": 25018483,
    "mapped_reads": 108175655,
    "gc_bases": 5480365792,
    "qc_failed_reads": 0
  },
  "read_2": {
    "read_length": 101,
    "total_reads": 108749362,
    "mapped_bases": 10853384523,
    "divergent_bases": 26034740,
    "mapped_reads": 107919984,
    "gc_bases": 5611939507,
    "qc_failed_reads": 0
  }
}
