{
  "sample": "SKMEL28_SIN3B_KO_C20_N1",
  "platform": "ILLUMINA",
  "library": "266084",
  "n_read_groups": 3,
  "insert_size": {
    "mean": 3958.784,
    "median": 622,
    "sd": 11739.947
  },
  "total_reads": 190111826,
  "total_bases": 19201294426,
  "mapped_reads": 188075066,
  "qcfail_reads": 0,
  "mapped_pairs": 93774286,
  "mapped_reads_properly_paired": 93774286,
  "duplicate_reads": 56757092,
  "interchromosme_pairs": 0,
  "gc_ratio": 0.5032416,
  "duplicate_ratio": 0.29854584,
  "read_1": {
    "read_length": 101,
    "total_reads": 95055913,
    "mapped_bases": 9469135168,
    "divergent_bases": 21727990,
    "mapped_reads": 94147434,
    "gc_bases": 4769896876,
    "qc_failed_reads": 0
  },
  "read_2": {
    "read_length": 101,
    "total_reads": 95055913,
    "mapped_bases": 9449681315,
    "divergent_bases": 22501651,
    "mapped_reads": 93927632,
    "gc_bases": 4892993083,
    "qc_failed_reads": 0
  }
}
